name,Handle
Nakiri Ayame,@NakiriAyame
Himemori Luna,@HimemoriLuna
Sakura Miko,@SakuraMiko
Fuwawa Abyssgard,@FUWAMOCOch
Moona Hoshinova,@MoonaHoshinova
Kureiji Ollie,@KureijiOllie
Akai Haato,@AkaiHaato
Yukihana Lamy,@YukihanaLamy
Momosuzu Nene,@MomosuzuNene
Elizabeth Rose Bloodflame,@holoen_erbloodflame
Juufuutei Raden,@JuufuuteiRaden
Mizumiya Su,@MizumiyaSu
Nekomata Okayu,@NekomataOkayu
Ninomae Ina'nis,@NinomaeInanis
Shiori Novella,@ShioriNovella
Omaru Polka,@OmaruPolka
Kaela Kovalskia,@KaelaKovalskia
Hoshimachi Suisei,@HoshimachiSuisei
[Alum] Ceres Fauna,@CeresFauna
Usada Pekora,@usadapekora
[Alum] Nanashi Mumei,@NanashiMumei
[Alum] Murasaki Shion,@MurasakiShion
Isaki Riona,@IsakiRiona
Houshou Marine,@HoushouMarine
La+ Darknesss,@LaplusDarknesss
Harusaki Nodoka,@holoANroom
Anya Melfissa,@AnyaMelfissa
Otonose Kanade,@OtonoseKanade
Ayunda Risu,@AyundaRisu
Yuzuki Choco,@YuzukiChoco
Mori Calliope,@MoriCalliope
[Affiliate] Sakamata Chloe,@SakamataChloe
Hakos Baelz,@HakosBaelz
Ichijou Ririka,@IchijouRirika
Shirogane Noel,@ShiroganeNoel
Airani Iofifteen,@AiraniIofifteen
[Alum] Tsukumo Sana,@TsukumoSana
Shirakami Fubuki,@ShirakamiFubuki
Inugami Korone,@InugamiKorone
Oozora Subaru,@OozoraSubaru
Tokino Sora,@TokinoSora
Raora Panthera,@holoen_raorapanthera
Takanashi Kiara,@TakanashiKiara
Ookami Mio,@OokamiMio
Gigi Murin,@holoen_gigimurin
[Alum] Minato Aqua,@MinatoAqua
[Affiliate] Watson Amelia,@WatsonAmelia
Robocosan,@Robocosan
Kobo Kanaeru,@KoboKanaeru
[Alum] Gawr Gura,@GawrGura
Todoroki Hajime,@TodorokiHajime
Mococo Abyssgard,@FUWAMOCOch
Aki Rosenthal,@AkiRosenthal
Hiodoshi Ao,@HiodoshiAo
Natsuiro Matsuri,@NatsuiroMatsuri
Hakui Koyori,@HakuiKoyori
Nerissa Ravencroft,@NerissaRavencroft
Cecilia Immergreen,@holoen_ceciliaimmergreen
Takane Lui,@TakaneLui
Shishiro Botan,@ShishiroBotan
Kazama Iroha,@kazamairoha
Koseki Bijou,@KosekiBijou
[Retirement] Friend A (A-chan),-
Rindo Chihaya,@RindoChihaya
Shiranui Flare,@ShiranuiFlare
Kikirara Vivi,@KikiraraVivi
Koganei Niko,@KoganeiNiko
Ouro Kronii,@OuroKronii
[Alum] Kiryu Coco,@KiryuCoco
Tsunomaki Watame,@TsunomakiWatame
Amane Kanata,@AmaneKanata
IRyS,@IRyS
Pavolia Reine,@PavoliaReine
AZKi,@AZKi
Vestia Zeta,@VestiaZeta
Tokoyami Towa,@TokoyamiTowa
