name,default_image,datetime1,datetime2,description1,description2,image1,image2,youtube_link1,youtube_link2
Takane Lui,https://hololive.hololivepro.com/wp-content/uploads/2024/08/Takane-Lui_pr-img_01.png,,,,,,,,
Isaki Riona,https://hololive.hololivepro.com/wp-content/uploads/2024/11/Isaki-Riona_pr-img_01.png,,,,,,,,
Himemori Luna,https://hololive.hololivepro.com/wp-content/uploads/2020/06/Himemori-Luna_pr-img_01.png,,,,,,,,
Shishiro Botan,https://hololive.hololivepro.com/wp-content/uploads/2024/05/Shishiro-Botan_pr-img_01.png,,,,,,,,
Hiodoshi Ao,https://hololive.hololivepro.com/wp-content/uploads/2023/09/Hiodoshi-Ao_pr-img_01_a.png,,,,,,,,
Anya Melfissa,https://hololive.hololivepro.com/wp-content/uploads/2020/07/Anya-Melfissa_pr-img_01.png,,,,,,,,
Koseki Bijou,https://hololive.hololivepro.com/wp-content/uploads/2024/08/Koseki-Bijou_pr-img_01.png,,,,,,,,
Todoroki Hajime,https://hololive.hololivepro.com/wp-content/uploads/2024/10/Todoroki-Hajime_pr-img_01_a.png,,,,,,,,
[Alum] Minato Aqua,https://hololive.hololivepro.com/wp-content/uploads/2023/09/Minato-Aqua_pr-img_01.png,,,,,,,,
[Alum] Gawr Gura,https://hololive.hololivepro.com/wp-content/uploads/2024/05/Gawr-Gura_pr-img_01.png,,,,,,,,
La+ Darknesss,https://hololive.hololivepro.com/wp-content/uploads/2024/05/La-Darknesss_pr-img_01.png,,,,,,,,
Takanashi Kiara,https://hololive.hololivepro.com/wp-content/uploads/2020/07/Takanashi-Kiara_pr-img_01.png,,,,,,,,
IRyS,https://hololive.hololivepro.com/wp-content/uploads/2020/07/IRyS_pr-img_01.png,,,,,,,,
Houshou Marine,https://hololive.hololivepro.com/wp-content/uploads/2020/06/Houshou-Marine_pr-img_01.png,,,,,,,,
Elizabeth Rose Bloodflame,https://hololive.hololivepro.com/wp-content/uploads/2023/07/Elizabeth-Rose-Bloodflame_pr-img_01.png,,,,,,,,
Nerissa Ravencroft,https://hololive.hololivepro.com/wp-content/uploads/2024/08/Nerissa-Ravencroft_pr-img_01.png,08.05 11:00,,ADVENT 2ND ANNIVERSARY + BIG ANNOUNCEMENT | OFF-COLLAB KARAOKE #holoadvent,,https://img.youtube.com/vi/dcis0Y2RjJA/mqdefault.jpg,,https://www.youtube.com/watch?v=dcis0Y2RjJA,
Cecilia Immergreen,https://hololive.hololivepro.com/wp-content/uploads/2023/07/Cecilia-Immergreen_pr-img_01.png,,,,,,,,
Airani Iofifteen,https://hololive.hololivepro.com/wp-content/uploads/2020/07/Airani-Iofifteen_pr-img_01.png,,,,,,,,
Yuzuki Choco,https://hololive.hololivepro.com/wp-content/uploads/2020/06/Yuzuki-Choco_pr-img_01.png,,,,,,,,
Oozora Subaru,https://hololive.hololivepro.com/wp-content/uploads/2020/06/Oozora-Subaru_pr-img_01.png,,,,,,,,
Usada Pekora,https://hololive.hololivepro.com/wp-content/uploads/2020/06/Usada-Pekora_pr-img_01.png,,,,,,,,
Hakos Baelz,https://hololive.hololivepro.com/wp-content/uploads/2020/07/Hakos-Baelz_pr-img_01.png,NOW ON AIR,,â‰ªHANDCAMâ‰« RED RAT VS HG 1/144 RED GUNDAM!! åˆå¿ƒè€…ï¼ï¼,,https://img.youtube.com/vi/0X4zpKcobB0/mqdefault.jpg,,https://www.youtube.com/watch?v=0X4zpKcobB0,
Pavolia Reine,https://hololive.hololivepro.com/wp-content/uploads/2020/07/Pavolia-Reine_pr-img_01.png,,,,,,,,
[Alum] Murasaki Shion,https://hololive.hololivepro.com/wp-content/uploads/2020/06/Murasaki-Shion_pr-img_01.png,,,,,,,,
Otonose Kanade,https://hololive.hololivepro.com/wp-content/uploads/2024/10/Otonose-Kanade_pr-img_01_a.png,,,,,,,,
Mizumiya Su,https://hololive.hololivepro.com/wp-content/uploads/2024/11/Mizumiya-Su_pr-img_01.png,08.04 22:00,,ã€å­¦åœ’ã‚¢ã‚¤ãƒ‰ãƒ«ãƒã‚¹ã‚¿ãƒ¼ã€‘å¤©äº•å›é¿âœ‹ç¾éˆ´ã¯é‹å‘½ã€å‡ºã¾ã™ :ãƒã‚¿ãƒãƒ¬æœ‰ã‚Šã€æ°´å®®æ¢ï¼FLOW GLOWã€‘#hololiveDEV_IS,,https://img.youtube.com/vi/Qmj8jhQSavY/mqdefault.jpg,,https://www.youtube.com/watch?v=Qmj8jhQSavY,
Kureiji Ollie,https://hololive.hololivepro.com/wp-content/uploads/2024/10/Kureiji-Ollie_pr-img_01.png,,,,,,,,
Ayunda Risu,https://hololive.hololivepro.com/wp-content/uploads/2020/07/Ayunda-Risu_pr-img_01.png,,,,,,,,
Momosuzu Nene,https://hololive.hololivepro.com/wp-content/uploads/2020/06/Momosuzu-Nene_pr-img_01.png,,,,,,,,
Gigi Murin,https://hololive.hololivepro.com/wp-content/uploads/2024/06/Gigi-Murin_pr-img_01.png,NOW ON AIR,,ã€3D AFTER PARTYã€‘a look into my twisted mind #3DGIGI,,https://img.youtube.com/vi/LQo94pBKBsg/mqdefault.jpg,,https://www.youtube.com/watch?v=LQo94pBKBsg,
Amane Kanata,https://hololive.hololivepro.com/wp-content/uploads/2024/07/Amane-Kanata_pr-img_01.png,,,,,,,,
Shirogane Noel,https://hololive.hololivepro.com/wp-content/uploads/2020/06/Shirogane-Noel_pr-img_01.png,,,,,,,,
Hakui Koyori,https://hololive.hololivepro.com/wp-content/uploads/2020/07/Hakui-Koyori_pr-img_01.png,08.04 12:00,,ã€ãƒ”ã‚«ãƒãƒ¥ã‚¦ã’ã‚“ãã§ã¡ã‚…ã†ã€‘å®Œå…¨åˆè¦‹ï¼æ¯æ—¥1æ™‚é–“ãšã¤ãƒ”ã‚«ãƒãƒ¥ã‚¦ã¨ä»²ã‚’æ·±ã‚ã‚‹å¤ä¼‘ã¿ä¼ç”»ğŸŒ»ï½1æ—¥ç›®ï½ #ã“ã‚ˆã‚Šã¨ãƒ”ã‚«ãƒãƒ¥ã‚¦ ã€åšè¡£ã“ã‚ˆã‚Š/ãƒ›ãƒ­ãƒ©ã‚¤ãƒ–ã€‘,,https://img.youtube.com/vi/Kyn8o2b41vg/mqdefault.jpg,,https://www.youtube.com/watch?v=Kyn8o2b41vg,
AZKi,https://hololive.hololivepro.com/wp-content/uploads/2024/12/AZKi_pr-img_01.png,,,,,,,,
[Alum] Kiryu Coco,https://hololive.hololivepro.com/wp-content/uploads/2023/09/Kiryu-Coco_pr-img_01.png,,,,,,,,
Juufuutei Raden,https://hololive.hololivepro.com/wp-content/uploads/2024/10/Juufuutei-Raden_pr-img_01_a.png,NOW ON AIR,,ã€ã‚‰ã§ã‚“è‡ªç¿’å®¤ã€‘8æœˆ4æ—¥10:00~11:30 ã€å„’çƒé¢¨äº­ã‚‰ã§ã‚“/ReGLOSSã€‘,,https://img.youtube.com/vi/i0XuQ1Yb1AE/mqdefault.jpg,,https://www.youtube.com/watch?v=i0XuQ1Yb1AE,
[Retirement] Friend A (A-chan),https://hololive.hololivepro.com/wp-content/uploads/2023/09/Friend-A_pr-img_01.png,,,,,,,,
Kobo Kanaeru,https://hololive.hololivepro.com/wp-content/uploads/2020/07/Kobo-Kanaeru_pr-img_01.png,,,,,,,,
[Alum] Nanashi Mumei,https://hololive.hololivepro.com/wp-content/uploads/2023/10/Nanashi-Mumei_pr-img_01.png,,,,,,,,
Nekomata Okayu,https://hololive.hololivepro.com/wp-content/uploads/2020/06/Nekomata-Okayu_pr-img_01.png,08.04 21:00,,ã€ ğŸŸ£åˆã‚³ãƒ©ãƒœ ã€‘ã‚¤ãƒŠã¡ã‚ƒã‚“ã¨ä¸€ç·’ã«ã‚²ãƒ¼ãƒ ã—ãŸã‚ŠMVåŒæ™‚è¦–è´ã—ãŸã‚ŠğŸ™ğŸ™âœ¦ #mythmashchemythtry #holomythã€ çŒ«åˆãŠã‹ã‚†/Ninomae Ina'nis ã€‘,,https://img.youtube.com/vi/KYXL28Ycr08/mqdefault.jpg,,https://www.youtube.com/watch?v=KYXL28Ycr08,
Raora Panthera,https://hololive.hololivepro.com/wp-content/uploads/2024/06/Raora-Panthera_pr-img_01.png,08.04 11:00,,ã€POKEMON EMERALD NUZLOCKEã€‘WE ARE SO BACK!!!ã€6ã€‘,,https://img.youtube.com/vi/X9u-63CyuLQ/mqdefault.jpg,,https://www.youtube.com/watch?v=X9u-63CyuLQ,
Koganei Niko,https://hololive.hololivepro.com/wp-content/uploads/2024/11/Koganei-Niko_pr-img_01.png,,,,,,,,
[Affiliate] Watson Amelia,https://hololive.hololivepro.com/wp-content/uploads/2020/07/Watson-Amelia_pr-img_01.png,,,,,,,,
Shiranui Flare,https://hololive.hololivepro.com/wp-content/uploads/2023/04/Shiranui-Flare_pr-img_01.png,,,,,,,,
Mori Calliope,https://hololive.hololivepro.com/wp-content/uploads/2020/07/Mori-Calliope_pr-img_01.png,,,,,,,,
Ouro Kronii,https://hololive.hololivepro.com/wp-content/uploads/2023/10/Ouro-Kronii_pr-img_01.png,,,,,,,,
Shirakami Fubuki,https://hololive.hololivepro.com/wp-content/uploads/2020/06/Shirakami-Fubuki_pr-img_01.png,,,,,,,,
Yukihana Lamy,https://hololive.hololivepro.com/wp-content/uploads/2020/06/Yukihana-Lamy_pr-img_01.png,,,,,,,,
Ninomae Ina'nis,https://hololive.hololivepro.com/wp-content/uploads/2020/07/Ninomae-Inanis_pr-img_01.png,,,,,,,,
Kikirara Vivi,https://hololive.hololivepro.com/wp-content/uploads/2024/11/Kikirara-Vivi_pr-img_01.png,,,,,,,,
Ichijou Ririka,https://hololive.hololivepro.com/wp-content/uploads/2024/10/Ichijou-Ririka_pr-img_01_a.png,,,,,,,,
Natsuiro Matsuri,https://hololive.hololivepro.com/wp-content/uploads/2020/06/Natsuiro-Matsuri_pr-img_01.png,,,,,,,,
Moona Hoshinova,https://hololive.hololivepro.com/wp-content/uploads/2020/07/Moona-Hoshinova_pr-img_01.png,,,,,,,,
[Affiliate] Sakamata Chloe,https://hololive.hololivepro.com/wp-content/uploads/2024/09/Sakamata-Chloe_pr-img_01.png,,,,,,,,
[Alum] Tsukumo Sana,https://hololive.hololivepro.com/wp-content/uploads/2023/09/Tsukumo-Sana_pr-img_01.png,,,,,,,,
Ookami Mio,https://hololive.hololivepro.com/wp-content/uploads/2020/06/Ookami-Mio_pr-img_01.png,,,,,,,,
Fuwawa Abyssgard,https://hololive.hololivepro.com/wp-content/uploads/2024/08/Fuwawa-Abyssgard_pr-img_01.png,,,,,,,,
Tsunomaki Watame,https://hololive.hololivepro.com/wp-content/uploads/2020/06/Tsunomaki-Watame_pr-img_01.png,,,,,,,,
Kazama Iroha,https://hololive.hololivepro.com/wp-content/uploads/2020/07/Kazama-Iroha_pr-img_01.png,,,,,,,,
Tokoyami Towa,https://hololive.hololivepro.com/wp-content/uploads/2020/06/Tokoyami-Towa_pr-img_01.png,,,,,,,,
Akai Haato,https://hololive.hololivepro.com/wp-content/uploads/2020/06/Akai-Haato_pr-img_01.png,08.04 17:00,08.05 06:15,ã€æ­Œã€‘ãšã£ã¨ã€ãŠã‚Œã€æ ã€‘,ã€ãƒ©ã‚¸ã‚ªè‹±ä¼šè©±ã€‘#4 ã¡ã‚ƒã¾ãƒ¼ï¼ã‚µãƒãƒ¼ï¼ã‚¤ãƒ³ã‚°ãƒªãƒƒã‚·ãƒ¥â€¼ï¸ğŸ›Ÿã€RADIO ENGLISHï½œãƒãƒƒãƒˆãƒ»ã‚ªã‚¿ã‚¯ç”¨èªç·¨ã€‘,https://img.youtube.com/vi/_GcNpYYTi2c/mqdefault.jpg,https://img.youtube.com/vi/GSgfaaog8q8/mqdefault.jpg,https://www.youtube.com/watch?v=_GcNpYYTi2c,https://www.youtube.com/watch?v=GSgfaaog8q8
[Alum] Ceres Fauna,https://hololive.hololivepro.com/wp-content/uploads/2023/10/Ceres-Fauna_pr-img_01.png,,,,,,,,
Shiori Novella,https://hololive.hololivepro.com/wp-content/uploads/2024/08/Shiori-Novella_pr-img_01.png,,,,,,,,
Robocosan,https://hololive.hololivepro.com/wp-content/uploads/2020/06/Robocosan_pr-img_01.png,,,,,,,,
Hoshimachi Suisei,https://hololive.hololivepro.com/wp-content/uploads/2020/06/Hoshimachi-Suisei_pr-img_01.png,,,,,,,,
Omaru Polka,https://hololive.hololivepro.com/wp-content/uploads/2024/12/Omaru-Polka_pr-img_01.png,,,,,,,,
Rindo Chihaya,https://hololive.hololivepro.com/wp-content/uploads/2024/11/Rindo-Chihaya_pr-img_01.png,,,,,,,,
Nakiri Ayame,https://hololive.hololivepro.com/wp-content/uploads/2020/06/Nakiri-Ayame_pr-img_01.png,,,,,,,,
Tokino Sora,https://hololive.hololivepro.com/wp-content/uploads/2020/06/Tokino-Sora_pr-img_01.png,,,,,,,,
Sakura Miko,https://hololive.hololivepro.com/wp-content/uploads/2023/02/Sakura-Miko_pr-img_01.png,,,,,,,,
Kaela Kovalskia,https://hololive.hololivepro.com/wp-content/uploads/2020/07/Kaela-Kovalskia_pr-img_02.png,,,,,,,,
Harusaki Nodoka,https://hololive.hololivepro.com/wp-content/uploads/2023/09/Harusaki-Nodoka_pr-img_01.png,,,,,,,,
Inugami Korone,https://hololive.hololivepro.com/wp-content/uploads/2020/06/Inugami-Korone_pr-img_01.png,,,,,,,,
Mococo Abyssgard,https://hololive.hololivepro.com/wp-content/uploads/2021/07/Mococo-Abyssgard_pr-img_01.png,,,,,,,,
Aki Rosenthal,https://hololive.hololivepro.com/wp-content/uploads/2020/06/Aki-Rosenthal_pr-img_01.png,,,,,,,,
Vestia Zeta,https://hololive.hololivepro.com/wp-content/uploads/2020/07/Vestia-Zeta_pr-img_01.png,,,,,,,,
